Key,Outers,Inners
2_180.000000,300 300 9200 300 9200 3701 300 3701 300 300 ,
0_180.000000,1400 500 10000 500 10000 4000 1400 4000 1400 500 ,
3_0.000000,400 200 9800 200 9800 3600 400 3600 400 200 ,
2_0.000000,1100 400 10000 400 10000 3800 1100 3800 1100 400 ,
3_180.000000,401 200 9801 200 9801 3601 401 3601 401 200 ,
0_0.000000,200 300 8800 300 8800 3800 200 3800 200 300 ,
1_180.000000,1200 600 10000 600 10000 3401 1200 3401 1200 600 ,
1_0.000000,1200 600 10000 600 10000 3400 1200 3400 1200 600 ,
