Key,Outers,Inners
3_0.000000,400 200 9800 200 9800 3600 400 3600 400 200 ,
2_0.000000,1100 400 10000 400 10000 3800 1100 3800 1100 400 ,
0_0.000000,200 300 8800 300 8800 3800 200 3800 200 300 ,
1_0.000000,1200 600 10000 600 10000 3400 1200 3400 1200 600 ,
